id;etat;type;created_at;last_modified_at;date;info;numero;montant_ttc;fournisseur;eco_tax;image;image_content_type
1;mobile Fish;Home Loan Account Table Computer;2019-09-14T22:08:42;2019-09-14T12:31:02;2019-09-14;Savings Account alarm;Tasty Metal Bacon;93855;Electronics;99221;../fake-data/blob/hipster.png;image/png
2;Money Market Account;Albania web-readiness;2019-09-14T16:32:58;2019-09-14T10:56:40;2019-09-14;Steel zero administration;Multi-channelled Licensed;61838;syndicate;98323;../fake-data/blob/hipster.png;image/png
3;Canyon HDD;Table Small Frozen Sausages Planner;2019-09-14T04:08:16;2019-09-14T14:17:21;2019-09-14;Intelligent;Monitored Bahamian Dollar Investment Account;83319;Salad;39106;../fake-data/blob/hipster.png;image/png
4;Tuna;hardware Costa Rica Mayotte;2019-09-14T19:06:09;2019-09-14T22:47:15;2019-09-14;connect Markets Chief;capacitor archive;57044;Aruba;96117;../fake-data/blob/hipster.png;image/png
5;navigating;interactive generating compelling;2019-09-14T16:47:48;2019-09-14T08:58:13;2019-09-14;Plastic;Car Industrial deliverables;39488;24 hour;1407;../fake-data/blob/hipster.png;image/png
6;magenta monitor 1080p;Unbranded Plastic Tuna Frozen;2019-09-14T02:49:29;2019-09-14T03:08:18;2019-09-14;archive Fantastic Plastic Chicken;payment;59129;tangible Mississippi;38292;../fake-data/blob/hipster.png;image/png
7;Developer;synthesize Idaho compress;2019-09-14T11:41:17;2019-09-14T22:34:07;2019-09-14;partnerships Grocery Intelligent;Dynamic;47537;Montana;69551;../fake-data/blob/hipster.png;image/png
8;Concrete Investment Account Saint Lucia;User-centric;2019-09-14T21:41:29;2019-09-14T09:09:59;2019-09-14;Salad Web virtual;Refined Squares;21844;e-business;88328;../fake-data/blob/hipster.png;image/png
9;projection Fresh;support Gorgeous;2019-09-14T18:04:07;2019-09-14T07:59:41;2019-09-14;copying;ability Hat Iraq;48482;Bahamian Dollar;26941;../fake-data/blob/hipster.png;image/png
10;User-centric Gloves;Mauritania;2019-09-14T06:40:00;2019-09-14T13:50:49;2019-09-14;Engineer;Exclusive Moroccan Dirham card;14808;Supervisor;26678;../fake-data/blob/hipster.png;image/png
